{"cameraMode":{"drawMode":0,"name":"Shaded","section":"Shading Mode"},"sceneLighting":false,"audioPlay":false,"sceneViewState":{"m_AlwaysRefresh":false,"showFog":true,"showSkybox":false,"showFlares":true,"showImageEffects":true,"showParticleSystems":true,"showVisualEffectGraphs":true,"m_FxEnabled":true},"in2DMode":false,"pivot":{"x":-2.8372812271118166,"y":2.342341661453247,"z":-11.622187614440918},"rotation":{"x":-0.0014347267569974065,"y":-0.99271160364151,"z":-0.010190539062023163,"w":0.12090199440717697},"size":1.556533932685852,"orthographic":false}